URL,Count
https://hollywoodlife.com/review/apparel/blanket-sweatshirt/,5
https://hollywoodlife.com/review/apparel/nfl-hoodie/,5
https://hollywoodlife.com/review/cosmetics/hyaluronic-acid-serum/,9
https://hollywoodlife.com/review/fitness-wellness/barre-and-pilates-ball/,5
https://hollywoodlife.com/review/fitness-wellness/meditation-pillow/,5
https://hollywoodlife.com/review/home/kitchen-organizer/,9
https://hollywoodlife.com/review/home/wearable-blanket-for-adults/,8
https://hollywoodlife.com/review/lifestyle/gel-nail-polish-kit/,7
https://hollywoodlife.com/review/personal-care/argan-oil-shampoo-conditioner/,4
https://hollywoodlife.com/review/personal-care/body-wash/,9
https://hollywoodlife.com/review/personal-care/castor-oil/,7
https://hollywoodlife.com/review/personal-care/cellulite-cream/,6
https://hollywoodlife.com/review/personal-care/electric-toothbrush/,9
https://hollywoodlife.com/review/personal-care/foot-soak/,6
https://hollywoodlife.com/review/personal-care/hair-growth-products/,9
https://hollywoodlife.com/review/personal-care/hair-growth-treatment/,11
https://hollywoodlife.com/review/personal-care/peppermint-shampoo-and-conditioner/,5
https://hollywoodlife.com/review/personal-care/root-touch-up/,5
https://hollywoodlife.com/review/personal-care/selling-exfoliator/,6
https://hollywoodlife.com/review/personal-care/shower-steamer/,6
https://hollywoodlife.com/review/personal-care/skin-therapy/,5
https://hollywoodlife.com/review/personal-care/sugar-scrub/,6
https://hollywoodlife.com/review/personal-care/tea-tree-body-wash/,6
https://hollywoodlife.com/review/personal-care/tea-tree-oil-and-mint-shampoo/,5
https://hollywoodlife.com/review/personal-care/vitamin-c-serum/,7
https://theblast.com/review/ab-ball/,5
https://theblast.com/review/best-hookah-charcoal/,5
https://theblast.com/review/best-hookah-coal-burner/,5
https://theblast.com/review/best-snail-mucin/,5
https://theblast.com/review/best-water-bottle/,10
https://theblast.com/review/callus-remover/,7
https://theblast.com/review/face-cream/,6
https://theblast.com/review/face-wash/,7
https://theblast.com/review/facial-mist/,5
https://theblast.com/review/foot-mask/,6
https://theblast.com/review/foot-soak/,6
https://theblast.com/review/himalayan-salt-lamp/,5
https://theblast.com/review/mud-mask/,5
https://theblast.com/review/organic-rooibos-tea/,6
https://theblast.com/review/root-touch-up/,5
https://theblast.com/review/running-belt/,5
https://theblast.com/review/scalp-stimulator/,5
https://theblast.com/review/supplement-for-bloating/,5
https://theblast.com/review/tea-tree-shampoo/,6
https://theblast.com/review/water-flosser-toothbrush/,5
https://theblast.com/review/weight-loss-pill/,7
https://twentytwowords.com/review/best-funny-gift/,7
https://twentytwowords.com/review/best-home-gym-equipment/,5
https://twentytwowords.com/review/best-root-touch-up/,5
https://twentytwowords.com/review/birthday-gift-for-women/,8
https://twentytwowords.com/review/leggings-with-pockets/,4
https://twentytwowords.com/review/medicine-ball-workout/,6
https://twentytwowords.com/review/medicine-balls/,7
https://twentytwowords.com/review/soft-medicine-ball/,7
https://www.cuisineathome.com/review/chamomile-tea/,6
https://www.cuisineathome.com/review/cinnamon-stick/,5
https://www.cuisineathome.com/review/cooking-torch/,5
https://www.cuisineathome.com/review/food-storage-container/,8
https://www.cuisineathome.com/review/marshmallow-leaf-tea/,5
https://www.cuisineathome.com/review/meat-tenderizer-tool/,6
https://www.cuisineathome.com/review/mullein-leaf-tea/,6
https://www.cuisineathome.com/review/silicone-baking-mat/,5
https://www.cuisineathome.com/review/vegetable-chopper/,6
https://www.gardengatemagazine.com/review/garden-kneeler/,6
https://www.gardengatemagazine.com/review/garden-tote/,5
https://www.gardengatemagazine.com/review/gardening-gift-for-women/,7
https://www.mightymoms.club/review/baby-breathing-monitor/,5
https://www.mightymoms.club/review/best-balloon-pump/,5
https://www.mightymoms.club/review/best-kids-hoodie/,5
https://www.mightymoms.club/review/best-national-geographic-science-kit/,5
https://www.mightymoms.club/review/doll-accessory/,6
https://www.mightymoms.club/review/spy-kit/,5
https://www.mightymoms.club/review/stuffed-animal/,6
https://www.oldhouseonline.com/review/bamboo-bed-sheet/,6
https://www.oldhouseonline.com/review/bbq-grill-accessories/,7
https://www.oldhouseonline.com/review/bed-sheet/,6
https://www.oldhouseonline.com/review/best-epoxy-resin/,7
https://www.oldhouseonline.com/review/best-inflatable-hot-tub/,4
https://www.oldhouseonline.com/review/best-sauna/,5
https://www.oldhouseonline.com/review/coffee/,5
https://www.oldhouseonline.com/review/coleman-inflatable-hot-tub/,1
https://www.oldhouseonline.com/review/garlic-press/,6
https://www.oldhouseonline.com/review/review/best-cooling-sheet/,5
https://www.sailmagazine.com/review/ice-fishing-tent/,5
https://www.techjunkie.com/review/portable-power-station/,6
https://www.thestreet.com/review/best-air-purifier/,12
https://www.thestreet.com/review/best-bluetooth-headset/,9
https://www.thestreet.com/review/best-essential-oil-diffuser/,6
https://www.thestreet.com/review/best-folding-desk/,5
https://www.thestreet.com/review/brush-tip-marker/,5
https://www.thestreet.com/review/canvas/,6
https://www.thestreet.com/review/document-scanner/,7
https://www.thestreet.com/review/fine-point-pen/,5
https://www.thestreet.com/review/tempered-glass-screen-protector/,7
https://www.usmagazine.com/reviews/news/avoid-a-flaky-scalp-with-the-best-shampoo-for-dandruff/,6
https://www.usmagazine.com/reviews/news/ease-sore-muscles-with-the-best-massage-oils/,5
https://www.usmagazine.com/reviews/news/embrace-the-team-spirit-with-the-best-nfl-apparel/,5
https://www.usmagazine.com/reviews/news/get-a-flawless-makeup-finish-with-the-best-foundation-brush/,5
https://www.usmagazine.com/reviews/news/get-glowy-skin-with-the-best-salicylic-acid-cleansers/,6
https://www.usmagazine.com/reviews/news/get-silky-smooth-strands-with-the-best-shampoo-for-hair-growth/,5
https://www.usmagazine.com/reviews/news/make-your-lounging-fun-with-the-best-oversized-t-shirts/,6
https://www.usmagazine.com/reviews/news/say-hello-to-rejuvenated-skin-with-the-best-salt-scrubs/,5
https://www.usmagazine.com/reviews/news/the-best-body-scrubs-for-rejuvenating-your-skin/,6
https://www.usmagazine.com/reviews/news/the-best-facial-moisturizers-to-get-your-healthy-glow-on/,6
https://www.usmagazine.com/reviews/news/the-best-hair-powders-to-get-rid-of-bad-hair-days-for-good/,5
https://www.usmagazine.com/reviews/news/the-best-self-care-essentials-for-relaxation/,7
https://www.usmagazine.com/reviews/news/the-ultimate-guide-to-the-best-coconut-oils-for-skin/,6
https://www.woodsmith.com/review/epoxy-resin-for-wood/,6
